ID	Name	Bgd count	Result count	Result gene list	Pct of bgd	Fold enrichment	Odds ratio	P-value	Benjamini	Bonferroni
GO:0042254	ribosome biogenesis	65	19	AAEL000076,AAEL000422,AAEL001080,AAEL001169,AAEL001506,AAEL002322,AAEL003352,AAEL004455,AAEL004526,AAEL005163,AAEL006637,AAEL006887,AAEL009308,AAEL010248,AAEL010949,AAEL010970,AAEL011282,AAEL012185,AAEL017113,	29.2	5.89	8.15	1.7867909233e-10	1.53485340312e-07	1.53485340312e-07
GO:0008152	metabolic process	3712	252	AAEL000006,AAEL000025,AAEL000076,AAEL000080,AAEL000164,AAEL000328,AAEL000422,AAEL000440,AAEL000558,AAEL000629,AAEL000659,AAEL000674,AAEL000677,AAEL000759,AAEL000813,AAEL000829,AAEL000922,AAEL001000,AAEL001080,AAEL001130,AAEL001169,AAEL001176,AAEL001194,AAEL001241,AAEL001334,AAEL001472,AAEL001506,AAEL001703,AAEL001781,AAEL001807,AAEL001863,AAEL002005,AAEL002102,AAEL002107,AAEL002322,AAEL002324,AAEL002569,AAEL002585,AAEL002588,AAEL002624,AAEL002625,AAEL002633,AAEL002696,AAEL002748,AAEL002808,AAEL002834,AAEL002861,AAEL003284,AAEL003289,AAEL003297,AAEL003345,AAEL003622,AAEL003654,AAEL003664,AAEL003715,AAEL003831,AAEL003961,AAEL003963,AAEL004025,AAEL004277,AAEL004297,AAEL004335,AAEL004455,AAEL004457,AAEL004502,AAEL004505,AAEL004509,AAEL004526,AAEL004688,AAEL004739,AAEL004778,AAEL004879,AAEL004897,AAEL005616,AAEL005617,AAEL005702,AAEL005706,AAEL005819,AAEL005885,AAEL005931,AAEL005955,AAEL005956,AAEL006014,AAEL006027,AAEL006140,AAEL006381,AAEL006382,AAEL006637,AAEL006667,AAEL006788,AAEL006815,AAEL006830,AAEL006961,AAEL006987,AAEL006989,AAEL007018,AAEL007024,AAEL007068,AAEL007080,AAEL007711,AAEL007726,AAEL007787,AAEL007878,AAEL007926,AAEL008124,AAEL008330,AAEL008380,AAEL008393,AAEL008467,AAEL008496,AAEL008609,AAEL008733,AAEL008767,AAEL008782,AAEL008879,AAEL009023,AAEL009044,AAEL009077,AAEL009111,AAEL009124,AAEL009126,AAEL009127,AAEL009154,AAEL009273,AAEL009302,AAEL009308,AAEL009382,AAEL009401,AAEL009475,AAEL009497,AAEL009510,AAEL009537,AAEL009543,AAEL009574,AAEL009689,AAEL009691,AAEL009851,AAEL009951,AAEL010037,AAEL010248,AAEL010321,AAEL010349,AAEL010373,AAEL010382,AAEL010384,AAEL010609,AAEL010640,AAEL010678,AAEL010827,AAEL010829,AAEL010932,AAEL010949,AAEL010970,AAEL011006,AAEL011230,AAEL011282,AAEL011313,AAEL011346,AAEL011527,AAEL011538,AAEL011540,AAEL011553,AAEL011564,AAEL011756,AAEL011763,AAEL011850,AAEL011898,AAEL011917,AAEL012014,AAEL012154,AAEL012245,AAEL012278,AAEL012297,AAEL012383,AAEL012457,AAEL012548,AAEL012616,AAEL012649,AAEL012711,AAEL012852,AAEL012873,AAEL012932,AAEL013026,AAEL013075,AAEL013170,AAEL013367,AAEL013385,AAEL013766,AAEL013798,AAEL014215,AAEL014302,AAEL014411,AAEL014515,AAEL014541,AAEL014603,AAEL014613,AAEL014617,AAEL014678,AAEL014684,AAEL014871,AAEL014886,AAEL014893,AAEL014938,AAEL014961,AAEL015051,AAEL015070,AAEL015199,AAEL015631,AAEL016984,AAEL017098,AAEL017113,AAEL017128,AAEL017226,AAEL017302,AAEL017320,AAEL017452,AAEL017453,AAEL017475,AAEL017512,AAEL018159,AAEL018668,AAEL019408,AAEL019434,AAEL019520,AAEL019521,AAEL019565,AAEL019698,AAEL019780,AAEL019831,AAEL019989,AAEL020195,AAEL020849,AAEL021270,AAEL021375,AAEL021615,AAEL021861,AAEL022615,AAEL022733,AAEL022918,AAEL023005,AAEL024147,AAEL024475,AAEL025114,AAEL025170,AAEL025530,AAEL025750,AAEL025850,AAEL025993,AAEL026177,AAEL027453,AAEL027504,AAEL028182,	6.8	1.37	1.73	5.67840201536e-10	2.4388736656e-07	4.87774733119e-07
GO:0006364	rRNA processing	39	14	AAEL000076,AAEL000422,AAEL001169,AAEL001506,AAEL002322,AAEL004455,AAEL004526,AAEL006637,AAEL009308,AAEL010248,AAEL010949,AAEL010970,AAEL011282,AAEL017113,	35.9	7.23	10.97	2.24603943004e-09	6.43115956802e-07	1.92934787041e-06
GO:0016072	rRNA metabolic process	40	14	AAEL000076,AAEL000422,AAEL001169,AAEL001506,AAEL002322,AAEL004455,AAEL004526,AAEL006637,AAEL009308,AAEL010248,AAEL010949,AAEL010970,AAEL011282,AAEL017113,	35.0	7.05	10.55	3.29973678224e-09	7.08618473987e-07	2.83447389595e-06
GO:0022613	ribonucleoprotein complex biogenesis	93	20	AAEL000076,AAEL000422,AAEL001080,AAEL001169,AAEL001506,AAEL002322,AAEL003352,AAEL004455,AAEL004526,AAEL005163,AAEL006637,AAEL006887,AAEL009308,AAEL010248,AAEL010376,AAEL010949,AAEL010970,AAEL011282,AAEL012185,AAEL017113,	21.5	4.33	5.4	2.09912652635e-08	3.3913549662e-06	1.80314968613e-05
GO:0055114	obsolete oxidation-reduction process	671	67	AAEL000164,AAEL000328,AAEL000813,AAEL000829,AAEL001194,AAEL001807,AAEL002005,AAEL002102,AAEL002107,AAEL002633,AAEL002861,AAEL003622,AAEL003831,AAEL003961,AAEL004025,AAEL004335,AAEL004457,AAEL004739,AAEL004778,AAEL005931,AAEL006014,AAEL006815,AAEL006989,AAEL007024,AAEL008879,AAEL009044,AAEL009124,AAEL009126,AAEL009127,AAEL009273,AAEL009382,AAEL009951,AAEL010382,AAEL010384,AAEL011756,AAEL011763,AAEL011850,AAEL012014,AAEL012297,AAEL012457,AAEL012616,AAEL013798,AAEL014302,AAEL014411,AAEL014603,AAEL014613,AAEL014617,AAEL014678,AAEL014684,AAEL014871,AAEL014893,AAEL016984,AAEL017098,AAEL017302,AAEL017320,AAEL017452,AAEL017453,AAEL019408,AAEL019831,AAEL021270,AAEL021615,AAEL021861,AAEL022918,AAEL025530,AAEL025850,AAEL025993,AAEL028182,	10.0	2.01	2.28	2.36881604158e-08	3.3913549662e-06	2.03481297972e-05
GO:0044281	small molecule metabolic process	400	44	AAEL000006,AAEL000025,AAEL000080,AAEL000164,AAEL000629,AAEL001176,AAEL002748,AAEL002834,AAEL003345,AAEL003622,AAEL003831,AAEL004297,AAEL004509,AAEL005617,AAEL005706,AAEL005819,AAEL005931,AAEL007018,AAEL008330,AAEL008467,AAEL008879,AAEL009273,AAEL009475,AAEL009497,AAEL009574,AAEL009691,AAEL010640,AAEL011006,AAEL011346,AAEL012014,AAEL012154,AAEL013026,AAEL014215,AAEL014886,AAEL014961,AAEL015631,AAEL016984,AAEL017098,AAEL018668,AAEL019780,AAEL024147,AAEL025993,AAEL027453,AAEL028182,	11.0	2.22	2.48	5.28650037563e-07	6.48729117524e-05	0.000454110382267
GO:0006030	chitin metabolic process	104	19	AAEL002588,AAEL002625,AAEL003284,AAEL003715,AAEL004897,AAEL005702,AAEL007711,AAEL008380,AAEL009537,AAEL009543,AAEL010609,AAEL012245,AAEL012649,AAEL013367,AAEL013766,AAEL019520,AAEL019521,AAEL019698,AAEL020849,	18.3	3.68	4.4	7.10016315236e-07	7.62380018485e-05	0.000609904014788
GO:1901071	glucosamine-containing compound metabolic process	106	19	AAEL002588,AAEL002625,AAEL003284,AAEL003715,AAEL004897,AAEL005702,AAEL007711,AAEL008380,AAEL009537,AAEL009543,AAEL010609,AAEL012245,AAEL012649,AAEL013367,AAEL013766,AAEL019520,AAEL019521,AAEL019698,AAEL020849,	17.9	3.61	4.29	9.62506677322e-07	9.18659150911e-05	0.00082679323582
GO:0006040	amino sugar metabolic process	108	19	AAEL002588,AAEL002625,AAEL003284,AAEL003715,AAEL004897,AAEL005702,AAEL007711,AAEL008380,AAEL009537,AAEL009543,AAEL010609,AAEL012245,AAEL012649,AAEL013367,AAEL013766,AAEL019520,AAEL019521,AAEL019698,AAEL020849,	17.6	3.54	4.2	1.29420903803e-06	0.000111172556367	0.00111172556367
GO:0034470	ncRNA processing	103	18	AAEL000076,AAEL000422,AAEL001169,AAEL001506,AAEL002322,AAEL003654,AAEL004455,AAEL004526,AAEL006637,AAEL008124,AAEL009308,AAEL010248,AAEL010349,AAEL010949,AAEL010970,AAEL011282,AAEL011538,AAEL017113,	17.5	3.52	4.16	2.71433501849e-06	0.000211964889171	0.00233161378088
GO:0006022	aminoglycan metabolic process	116	19	AAEL002588,AAEL002625,AAEL003284,AAEL003715,AAEL004897,AAEL005702,AAEL007711,AAEL008380,AAEL009537,AAEL009543,AAEL010609,AAEL012245,AAEL012649,AAEL013367,AAEL013766,AAEL019520,AAEL019521,AAEL019698,AAEL020849,	16.4	3.3	3.85	3.92463797252e-06	0.000280938668199	0.00337126401839
GO:1901135	carbohydrate derivative metabolic process	333	36	AAEL000629,AAEL001176,AAEL002588,AAEL002625,AAEL003284,AAEL003715,AAEL004277,AAEL004297,AAEL004879,AAEL004897,AAEL005617,AAEL005702,AAEL005931,AAEL007711,AAEL008380,AAEL009273,AAEL009497,AAEL009510,AAEL009537,AAEL009543,AAEL010609,AAEL010640,AAEL011006,AAEL012245,AAEL012649,AAEL013026,AAEL013367,AAEL013766,AAEL014961,AAEL016984,AAEL018668,AAEL019520,AAEL019521,AAEL019698,AAEL020849,AAEL027453,	10.8	2.18	2.41	8.68896222588e-06	0.000574139888618	0.00746381855203
GO:0044283	small molecule biosynthetic process	99	16	AAEL000006,AAEL000025,AAEL000080,AAEL001176,AAEL002834,AAEL003345,AAEL003622,AAEL003831,AAEL008330,AAEL008467,AAEL008879,AAEL009574,AAEL009691,AAEL015631,AAEL024147,AAEL025993,	16.2	3.25	3.77	2.68382652808e-05	0.00164671927687	0.0230540698762
GO:0006006	glucose metabolic process	9	5	AAEL000006,AAEL000025,AAEL000080,AAEL009691,AAEL016984,	55.6	11.19	24.13	3.16194435107e-05	0.00181074013171	0.0271611019757
GO:0006396	RNA processing	233	27	AAEL000076,AAEL000422,AAEL000659,AAEL000674,AAEL000922,AAEL001080,AAEL001169,AAEL001506,AAEL002322,AAEL003654,AAEL003664,AAEL004455,AAEL004526,AAEL006637,AAEL008124,AAEL009023,AAEL009302,AAEL009308,AAEL010248,AAEL010349,AAEL010827,AAEL010949,AAEL010970,AAEL011282,AAEL011538,AAEL015199,AAEL017113,	11.6	2.33	2.59	3.47596729337e-05	0.00186615994063	0.02985855905
GO:0006576	cellular biogenic amine metabolic process	15	6	AAEL001176,AAEL004509,AAEL007878,AAEL008879,AAEL017098,AAEL025170,	40.0	8.06	12.89	4.96817621642e-05	0.00224613861574	0.042676633699
GO:0044106	cellular amine metabolic process	15	6	AAEL001176,AAEL004509,AAEL007878,AAEL008879,AAEL017098,AAEL025170,	40.0	8.06	12.89	4.96817621642e-05	0.00224613861574	0.042676633699
GO:0009308	amine metabolic process	15	6	AAEL001176,AAEL004509,AAEL007878,AAEL008879,AAEL017098,AAEL025170,	40.0	8.06	12.89	4.96817621642e-05	0.00224613861574	0.042676633699
GO:0055085	transmembrane transport	570	50	AAEL001198,AAEL002555,AAEL002913,AAEL003524,AAEL003550,AAEL003809,AAEL003810,AAEL003919,AAEL004124,AAEL004451,AAEL004513,AAEL004589,AAEL005026,AAEL005045,AAEL005496,AAEL006800,AAEL006855,AAEL008028,AAEL008587,AAEL010348,AAEL010379,AAEL010479,AAEL011423,AAEL012037,AAEL012041,AAEL012443,AAEL012458,AAEL012616,AAEL013184,AAEL014428,AAEL014972,AAEL017209,AAEL017458,AAEL018150,AAEL018228,AAEL018334,AAEL018668,AAEL019954,AAEL019955,AAEL020162,AAEL020524,AAEL021738,AAEL023342,AAEL024179,AAEL024675,AAEL025460,AAEL025973,AAEL026825,AAEL027539,AAEL027912,	8.8	1.77	1.92	5.70783699508e-05	0.00245151598939	0.0490303197877
GO:0008272	sulfate transport	10	5	AAEL012037,AAEL012041,AAEL019954,AAEL019955,AAEL020162,	50.0	10.07	19.31	6.06568484573e-05	0.00248115394404	0.0521042328248
GO:0006629	lipid metabolic process	275	29	AAEL000558,AAEL001000,AAEL001241,AAEL001472,AAEL002834,AAEL003622,AAEL003831,AAEL004277,AAEL004297,AAEL005706,AAEL006027,AAEL006381,AAEL006667,AAEL006961,AAEL006987,AAEL007068,AAEL007080,AAEL008393,AAEL009111,AAEL009574,AAEL010678,AAEL011898,AAEL012297,AAEL012548,AAEL013170,AAEL014302,AAEL017302,AAEL021270,AAEL024147,	10.5	2.12	2.33	0.000101676598915	0.00397000902127	0.0873401984678
GO:0072348	sulfur compound transport	11	5	AAEL012037,AAEL012041,AAEL019954,AAEL019955,AAEL020162,	45.5	9.15	16.09	0.000106669188067	0.00398386228475	0.0916288325493
GO:0071704	organic substance metabolic process	3037	189	AAEL000006,AAEL000025,AAEL000076,AAEL000080,AAEL000164,AAEL000422,AAEL000440,AAEL000558,AAEL000629,AAEL000659,AAEL000674,AAEL000677,AAEL000759,AAEL000922,AAEL001000,AAEL001080,AAEL001130,AAEL001169,AAEL001176,AAEL001241,AAEL001334,AAEL001472,AAEL001506,AAEL001703,AAEL001781,AAEL001863,AAEL002322,AAEL002324,AAEL002569,AAEL002585,AAEL002588,AAEL002624,AAEL002625,AAEL002696,AAEL002748,AAEL002808,AAEL002834,AAEL003284,AAEL003345,AAEL003622,AAEL003654,AAEL003664,AAEL003715,AAEL003831,AAEL003963,AAEL004277,AAEL004297,AAEL004455,AAEL004502,AAEL004505,AAEL004509,AAEL004526,AAEL004879,AAEL004897,AAEL005616,AAEL005617,AAEL005702,AAEL005706,AAEL005819,AAEL005885,AAEL005931,AAEL005955,AAEL005956,AAEL006027,AAEL006140,AAEL006381,AAEL006382,AAEL006637,AAEL006667,AAEL006788,AAEL006830,AAEL006961,AAEL006987,AAEL007018,AAEL007068,AAEL007080,AAEL007711,AAEL007726,AAEL007787,AAEL007878,AAEL007926,AAEL008124,AAEL008330,AAEL008380,AAEL008393,AAEL008467,AAEL008496,AAEL008609,AAEL008733,AAEL008767,AAEL008782,AAEL008879,AAEL009023,AAEL009111,AAEL009154,AAEL009273,AAEL009302,AAEL009308,AAEL009382,AAEL009475,AAEL009497,AAEL009510,AAEL009537,AAEL009543,AAEL009574,AAEL009689,AAEL009691,AAEL009851,AAEL010037,AAEL010248,AAEL010321,AAEL010349,AAEL010609,AAEL010640,AAEL010678,AAEL010827,AAEL010829,AAEL010932,AAEL010949,AAEL010970,AAEL011006,AAEL011230,AAEL011282,AAEL011346,AAEL011527,AAEL011538,AAEL011540,AAEL011553,AAEL011898,AAEL011917,AAEL012014,AAEL012154,AAEL012245,AAEL012278,AAEL012297,AAEL012548,AAEL012649,AAEL012711,AAEL012852,AAEL012873,AAEL013026,AAEL013075,AAEL013170,AAEL013367,AAEL013385,AAEL013766,AAEL014215,AAEL014302,AAEL014515,AAEL014541,AAEL014886,AAEL014938,AAEL014961,AAEL015051,AAEL015199,AAEL015631,AAEL016984,AAEL017098,AAEL017113,AAEL017128,AAEL017226,AAEL017302,AAEL017475,AAEL017512,AAEL018159,AAEL018668,AAEL019434,AAEL019520,AAEL019521,AAEL019565,AAEL019698,AAEL019780,AAEL019989,AAEL020195,AAEL020849,AAEL021270,AAEL021375,AAEL022615,AAEL022733,AAEL023005,AAEL024147,AAEL025114,AAEL025170,AAEL025750,AAEL025993,AAEL026177,AAEL027453,AAEL027504,AAEL028182,	6.2	1.25	1.41	0.000146102732385	0.00522926029662	0.125502247119
GO:0034660	ncRNA metabolic process	151	19	AAEL000076,AAEL000422,AAEL001169,AAEL001506,AAEL002322,AAEL002748,AAEL003654,AAEL004455,AAEL004526,AAEL006637,AAEL008124,AAEL009308,AAEL010248,AAEL010349,AAEL010949,AAEL010970,AAEL011282,AAEL011538,AAEL017113,	12.6	2.53	2.82	0.000169806993784	0.00572575753221	0.14586420766
GO:0006094	gluconeogenesis	7	4	AAEL000006,AAEL000025,AAEL000080,AAEL009691,	57.1	11.51	25.7	0.000186637032482	0.00572575753221	0.160321210902
GO:0019319	hexose biosynthetic process	7	4	AAEL000006,AAEL000025,AAEL000080,AAEL009691,	57.1	11.51	25.7	0.000186637032482	0.00572575753221	0.160321210902
GO:0046364	monosaccharide biosynthetic process	7	4	AAEL000006,AAEL000025,AAEL000080,AAEL009691,	57.1	11.51	25.7	0.000186637032482	0.00572575753221	0.160321210902
GO:0005975	carbohydrate metabolic process	191	22	AAEL000006,AAEL000025,AAEL000080,AAEL001130,AAEL002834,AAEL004897,AAEL005931,AAEL007018,AAEL009691,AAEL010037,AAEL012014,AAEL013367,AAEL013385,AAEL014541,AAEL015051,AAEL016984,AAEL017128,AAEL017226,AAEL017512,AAEL019565,AAEL021375,AAEL025750,	11.5	2.32	2.55	0.000198503046079	0.00577995498336	0.170514116582
GO:0019637	organophosphate metabolic process	231	25	AAEL000629,AAEL001000,AAEL001472,AAEL002834,AAEL004277,AAEL004297,AAEL005931,AAEL006381,AAEL006667,AAEL006987,AAEL008393,AAEL008879,AAEL009111,AAEL009273,AAEL010640,AAEL011006,AAEL011346,AAEL011898,AAEL012154,AAEL013026,AAEL014215,AAEL016984,AAEL018668,AAEL022615,AAEL027453,	10.8	2.18	2.39	0.00020186105879	0.00577995498336	0.173398649501
GO:0032259	methylation	95	14	AAEL000076,AAEL000674,AAEL003654,AAEL006637,AAEL008124,AAEL008330,AAEL008496,AAEL009023,AAEL009401,AAEL010349,AAEL010829,AAEL010949,AAEL011282,AAEL012932,	14.7	2.97	3.37	0.000233295765098	0.00646455039415	0.200401062219
GO:0055086	nucleobase-containing small molecule metabolic process	144	18	AAEL000629,AAEL001176,AAEL004297,AAEL005617,AAEL008879,AAEL009273,AAEL009475,AAEL009497,AAEL010640,AAEL011006,AAEL011346,AAEL012154,AAEL013026,AAEL014215,AAEL014961,AAEL016984,AAEL018668,AAEL027453,	12.5	2.52	2.79	0.000271733596825	0.00729434873978	0.233419159673
GO:0016051	carbohydrate biosynthetic process	22	6	AAEL000006,AAEL000025,AAEL000080,AAEL002834,AAEL009691,AAEL025750,	27.3	5.49	7.25	0.000549799281003	0.0143114418904	0.472277582382
GO:0009617	response to bacterium	15	5	AAEL003841,AAEL004833,AAEL029104,AAEL029105,AAEL029106,	33.3	6.71	9.65	0.00058728406661	0.0143992567639	0.504477013218
GO:0042742	defense response to bacterium	15	5	AAEL003841,AAEL004833,AAEL029104,AAEL029105,AAEL029106,	33.3	6.71	9.65	0.00058728406661	0.0143992567639	0.504477013218
GO:0019752	carboxylic acid metabolic process	207	22	AAEL000164,AAEL002748,AAEL003345,AAEL003622,AAEL003831,AAEL004297,AAEL004509,AAEL005819,AAEL005931,AAEL008467,AAEL008879,AAEL009475,AAEL009574,AAEL009691,AAEL012014,AAEL014886,AAEL015631,AAEL016984,AAEL017098,AAEL024147,AAEL025993,AAEL028182,	10.6	2.14	2.33	0.000613966220871	0.0143992567639	0.527396983728
GO:1902358	sulfate transmembrane transport	9	4	AAEL012037,AAEL012041,AAEL019955,AAEL020162,	44.4	8.95	15.42	0.000620224098097	0.0143992567639	0.532772500265
GO:0043436	oxoacid metabolic process	208	22	AAEL000164,AAEL002748,AAEL003345,AAEL003622,AAEL003831,AAEL004297,AAEL004509,AAEL005819,AAEL005931,AAEL008467,AAEL008879,AAEL009475,AAEL009574,AAEL009691,AAEL012014,AAEL014886,AAEL015631,AAEL016984,AAEL017098,AAEL024147,AAEL025993,AAEL028182,	10.6	2.13	2.32	0.00065552476284	0.0148183097705	0.56309577128
GO:0006082	organic acid metabolic process	210	22	AAEL000164,AAEL002748,AAEL003345,AAEL003622,AAEL003831,AAEL004297,AAEL004509,AAEL005819,AAEL005931,AAEL008467,AAEL008879,AAEL009475,AAEL009574,AAEL009691,AAEL012014,AAEL014886,AAEL015631,AAEL016984,AAEL017098,AAEL024147,AAEL025993,AAEL028182,	10.5	2.11	2.29	0.000746021643883	0.0164316049255	0.640832592096
GO:0001510	RNA methylation	32	7	AAEL000076,AAEL000674,AAEL003654,AAEL008124,AAEL009023,AAEL010349,AAEL010949,	21.9	4.41	5.42	0.000813902151349	0.0174785487002	0.699141948009
GO:0019318	hexose metabolic process	26	6	AAEL000006,AAEL000025,AAEL000080,AAEL007018,AAEL009691,AAEL016984,	23.1	4.65	5.79	0.00143221021836	0.0292820870149	1.0
GO:0006952	defense response	26	6	AAEL003841,AAEL003857,AAEL004833,AAEL029104,AAEL029105,AAEL029106,	23.1	4.65	5.79	0.00143221021836	0.0292820870149	1.0
GO:0009309	amine biosynthetic process	11	4	AAEL001176,AAEL007878,AAEL017098,AAEL025170,	36.4	7.32	11.01	0.00149989735583	0.0292820870149	1.0
GO:0042401	cellular biogenic amine biosynthetic process	11	4	AAEL001176,AAEL007878,AAEL017098,AAEL025170,	36.4	7.32	11.01	0.00149989735583	0.0292820870149	1.0
GO:0008150	biological process	5926	328	AAEL000006,AAEL000025,AAEL000076,AAEL000080,AAEL000087,AAEL000164,AAEL000395,AAEL000422,AAEL000440,AAEL000558,AAEL000629,AAEL000659,AAEL000674,AAEL000677,AAEL000759,AAEL000922,AAEL001000,AAEL001005,AAEL001052,AAEL001080,AAEL001130,AAEL001169,AAEL001176,AAEL001194,AAEL001198,AAEL001241,AAEL001334,AAEL001472,AAEL001500,AAEL001506,AAEL001703,AAEL001781,AAEL001863,AAEL002322,AAEL002324,AAEL002555,AAEL002569,AAEL002585,AAEL002588,AAEL002624,AAEL002625,AAEL002696,AAEL002748,AAEL002808,AAEL002834,AAEL002877,AAEL002913,AAEL002974,AAEL003136,AAEL003284,AAEL003289,AAEL003297,AAEL003345,AAEL003352,AAEL003417,AAEL003524,AAEL003550,AAEL003622,AAEL003654,AAEL003664,AAEL003715,AAEL003768,AAEL003809,AAEL003810,AAEL003831,AAEL003841,AAEL003857,AAEL003919,AAEL003963,AAEL004017,AAEL004124,AAEL004277,AAEL004297,AAEL004335,AAEL004451,AAEL004455,AAEL004457,AAEL004502,AAEL004505,AAEL004509,AAEL004513,AAEL004523,AAEL004526,AAEL004589,AAEL004688,AAEL004833,AAEL004879,AAEL004897,AAEL005026,AAEL005045,AAEL005163,AAEL005353,AAEL005496,AAEL005616,AAEL005617,AAEL005635,AAEL005681,AAEL005702,AAEL005706,AAEL005803,AAEL005819,AAEL005877,AAEL005885,AAEL005931,AAEL005955,AAEL005956,AAEL006014,AAEL006027,AAEL006140,AAEL006232,AAEL006381,AAEL006382,AAEL006637,AAEL006667,AAEL006788,AAEL006800,AAEL006830,AAEL006855,AAEL006886,AAEL006887,AAEL006961,AAEL006987,AAEL007018,AAEL007068,AAEL007080,AAEL007502,AAEL007505,AAEL007711,AAEL007726,AAEL007787,AAEL007878,AAEL007926,AAEL008028,AAEL008124,AAEL008330,AAEL008380,AAEL008393,AAEL008467,AAEL008496,AAEL008587,AAEL008609,AAEL008733,AAEL008767,AAEL008782,AAEL008879,AAEL009023,AAEL009077,AAEL009111,AAEL009154,AAEL009273,AAEL009302,AAEL009308,AAEL009382,AAEL009401,AAEL009475,AAEL009497,AAEL009510,AAEL009531,AAEL009537,AAEL009543,AAEL009556,AAEL009574,AAEL009689,AAEL009691,AAEL009822,AAEL009851,AAEL009883,AAEL010037,AAEL010043,AAEL010065,AAEL010248,AAEL010321,AAEL010348,AAEL010349,AAEL010373,AAEL010376,AAEL010379,AAEL010382,AAEL010384,AAEL010479,AAEL010541,AAEL010609,AAEL010640,AAEL010678,AAEL010827,AAEL010829,AAEL010932,AAEL010949,AAEL010970,AAEL011006,AAEL011123,AAEL011212,AAEL011230,AAEL011282,AAEL011313,AAEL011343,AAEL011346,AAEL011423,AAEL011521,AAEL011527,AAEL011538,AAEL011540,AAEL011553,AAEL011564,AAEL011584,AAEL011708,AAEL011810,AAEL011898,AAEL011917,AAEL012014,AAEL012037,AAEL012041,AAEL012101,AAEL012154,AAEL012185,AAEL012233,AAEL012245,AAEL012278,AAEL012297,AAEL012383,AAEL012419,AAEL012443,AAEL012458,AAEL012474,AAEL012548,AAEL012616,AAEL012649,AAEL012710,AAEL012711,AAEL012827,AAEL012843,AAEL012852,AAEL012873,AAEL012920,AAEL012926,AAEL012932,AAEL013026,AAEL013075,AAEL013170,AAEL013184,AAEL013287,AAEL013367,AAEL013385,AAEL013766,AAEL013808,AAEL014215,AAEL014302,AAEL014428,AAEL014515,AAEL014541,AAEL014576,AAEL014825,AAEL014843,AAEL014886,AAEL014938,AAEL014961,AAEL014972,AAEL015051,AAEL015070,AAEL015199,AAEL015631,AAEL016984,AAEL017098,AAEL017113,AAEL017128,AAEL017209,AAEL017226,AAEL017302,AAEL017458,AAEL017475,AAEL017512,AAEL018103,AAEL018150,AAEL018159,AAEL018228,AAEL018334,AAEL018354,AAEL018668,AAEL019408,AAEL019431,AAEL019434,AAEL019520,AAEL019521,AAEL019537,AAEL019565,AAEL019698,AAEL019780,AAEL019863,AAEL019954,AAEL019955,AAEL019989,AAEL020162,AAEL020195,AAEL020524,AAEL020849,AAEL021270,AAEL021375,AAEL021738,AAEL022530,AAEL022615,AAEL022733,AAEL023005,AAEL023342,AAEL023348,AAEL023902,AAEL024147,AAEL024179,AAEL024475,AAEL024675,AAEL025114,AAEL025170,AAEL025460,AAEL025750,AAEL025973,AAEL025993,AAEL026177,AAEL026676,AAEL026825,AAEL027285,AAEL027393,AAEL027453,AAEL027504,AAEL027539,AAEL027912,AAEL028182,AAEL029104,AAEL029105,AAEL029106,	5.5	1.11	1.3	0.00173263696282	0.033074114468	1.0
GO:0005996	monosaccharide metabolic process	28	6	AAEL000006,AAEL000025,AAEL000080,AAEL007018,AAEL009691,AAEL016984,	21.4	4.32	5.27	0.00215391003453	0.0402219286882	1.0
GO:0008295	spermidine biosynthetic process	2	2	AAEL001176,AAEL025170,	100.0	20.14	inf	0.00246117363574	0.0440447531896	1.0
GO:0008216	spermidine metabolic process	2	2	AAEL001176,AAEL025170,	100.0	20.14	inf	0.00246117363574	0.0440447531896	1.0
GO:0090407	organophosphate biosynthetic process	161	17	AAEL000629,AAEL001000,AAEL001472,AAEL002834,AAEL004277,AAEL004297,AAEL006667,AAEL008393,AAEL008879,AAEL009273,AAEL010640,AAEL011898,AAEL013026,AAEL014215,AAEL018668,AAEL022615,AAEL027453,	10.6	2.13	2.3	0.00264358856707	0.0463437261044	1.0
GO:0008610	lipid biosynthetic process	125	14	AAEL001000,AAEL001472,AAEL002834,AAEL003622,AAEL003831,AAEL004277,AAEL006667,AAEL008393,AAEL009574,AAEL011898,AAEL012297,AAEL017302,AAEL021270,AAEL024147,	11.2	2.26	2.45	0.00358350616167	0.0615646358575	1.0
GO:0044272	sulfur compound biosynthetic process	22	5	AAEL000759,AAEL001176,AAEL004297,AAEL008467,AAEL009154,	22.7	4.58	5.67	0.00385945841952	0.0650053878896	1.0
GO:0009126	purine nucleoside monophosphate metabolic process	14	4	AAEL000629,AAEL009273,AAEL010640,AAEL011006,	28.6	5.75	7.7	0.00403894639431	0.0667202875522	1.0
GO:0046394	carboxylic acid biosynthetic process	64	9	AAEL003345,AAEL003622,AAEL003831,AAEL008467,AAEL008879,AAEL009574,AAEL015631,AAEL024147,AAEL025993,	14.1	2.83	3.17	0.00412142861749	0.066798248725	1.0
GO:0016053	organic acid biosynthetic process	65	9	AAEL003345,AAEL003622,AAEL003831,AAEL008467,AAEL008879,AAEL009574,AAEL015631,AAEL024147,AAEL025993,	13.8	2.79	3.11	0.00457899397706	0.0728399227092	1.0
GO:0032787	monocarboxylic acid metabolic process	67	9	AAEL003622,AAEL003831,AAEL005931,AAEL008879,AAEL009574,AAEL009691,AAEL014886,AAEL016984,AAEL024147,	13.4	2.71	3.0	0.00561198773131	0.0807002758534	1.0
GO:0009225	nucleotide-sugar metabolic process	8	3	AAEL005617,AAEL009497,AAEL014961,	37.5	7.55	11.54	0.0056522449123	0.0807002758534	1.0
GO:0051707	response to other organism	24	5	AAEL003841,AAEL004833,AAEL029104,AAEL029105,AAEL029106,	20.8	4.2	5.07	0.00573934915374	0.0807002758534	1.0
GO:0009607	response to biotic stimulus	24	5	AAEL003841,AAEL004833,AAEL029104,AAEL029105,AAEL029106,	20.8	4.2	5.07	0.00573934915374	0.0807002758534	1.0
GO:0043207	response to external biotic stimulus	24	5	AAEL003841,AAEL004833,AAEL029104,AAEL029105,AAEL029106,	20.8	4.2	5.07	0.00573934915374	0.0807002758534	1.0
GO:0098542	defense response to other organism	24	5	AAEL003841,AAEL004833,AAEL029104,AAEL029105,AAEL029106,	20.8	4.2	5.07	0.00573934915374	0.0807002758534	1.0
GO:0044419	biological process involved in interspecies interaction between organisms	24	5	AAEL003841,AAEL004833,AAEL029104,AAEL029105,AAEL029106,	20.8	4.2	5.07	0.00573934915374	0.0807002758534	1.0
GO:0006753	nucleoside phosphate metabolic process	119	13	AAEL000629,AAEL004297,AAEL008879,AAEL009273,AAEL010640,AAEL011006,AAEL011346,AAEL012154,AAEL013026,AAEL014215,AAEL016984,AAEL018668,AAEL027453,	10.9	2.2	2.38	0.00606484565146	0.0807002758534	1.0
GO:0009117	nucleotide metabolic process	119	13	AAEL000629,AAEL004297,AAEL008879,AAEL009273,AAEL010640,AAEL011006,AAEL011346,AAEL012154,AAEL013026,AAEL014215,AAEL016984,AAEL018668,AAEL027453,	10.9	2.2	2.38	0.00606484565146	0.0807002758534	1.0
GO:0010817	regulation of hormone levels	3	2	AAEL003524,AAEL017302,	66.7	13.43	38.42	0.00713995455746	0.0807002758534	1.0
GO:0006569	tryptophan catabolic process	3	2	AAEL004509,AAEL008879,	66.7	13.43	38.42	0.00713995455746	0.0807002758534	1.0
GO:0006750	glutathione biosynthetic process	3	2	AAEL000759,AAEL009154,	66.7	13.43	38.42	0.00713995455746	0.0807002758534	1.0
GO:0042436	indole-containing compound catabolic process	3	2	AAEL004509,AAEL008879,	66.7	13.43	38.42	0.00713995455746	0.0807002758534	1.0
GO:0030490	maturation of SSU-rRNA	3	2	AAEL002322,AAEL010970,	66.7	13.43	38.42	0.00713995455746	0.0807002758534	1.0
GO:0006568	tryptophan metabolic process	3	2	AAEL004509,AAEL008879,	66.7	13.43	38.42	0.00713995455746	0.0807002758534	1.0
GO:0008215	spermine metabolic process	3	2	AAEL001176,AAEL025170,	66.7	13.43	38.42	0.00713995455746	0.0807002758534	1.0
GO:0019184	nonribosomal peptide biosynthetic process	3	2	AAEL000759,AAEL009154,	66.7	13.43	38.42	0.00713995455746	0.0807002758534	1.0
GO:0019673	GDP-mannose metabolic process	3	2	AAEL009497,AAEL014961,	66.7	13.43	38.42	0.00713995455746	0.0807002758534	1.0
GO:0046218	indolalkylamine catabolic process	3	2	AAEL004509,AAEL008879,	66.7	13.43	38.42	0.00713995455746	0.0807002758534	1.0
GO:0006597	spermine biosynthetic process	3	2	AAEL001176,AAEL025170,	66.7	13.43	38.42	0.00713995455746	0.0807002758534	1.0
GO:0006586	indolalkylamine metabolic process	3	2	AAEL004509,AAEL008879,	66.7	13.43	38.42	0.00713995455746	0.0807002758534	1.0
GO:0046037	GMP metabolic process	3	2	AAEL009273,AAEL011006,	66.7	13.43	38.42	0.00713995455746	0.0807002758534	1.0
GO:0042255	ribosome assembly	9	3	AAEL004455,AAEL005163,AAEL006887,	33.3	6.71	9.62	0.00816825531948	0.0911237833693	1.0
GO:0006457	protein folding	48	7	AAEL001005,AAEL001052,AAEL011584,AAEL011708,AAEL012827,AAEL014843,AAEL026676,	14.6	2.94	3.3	0.00897643110669	0.0976699313513	1.0
GO:0043414	macromolecule methylation	72	9	AAEL000076,AAEL000674,AAEL003654,AAEL008124,AAEL008496,AAEL009023,AAEL010349,AAEL010829,AAEL010949,	12.5	2.52	2.76	0.00898245003115	0.0976699313513	1.0
GO:0015698	inorganic anion transport	27	5	AAEL012037,AAEL012041,AAEL019954,AAEL019955,AAEL020162,	18.5	3.73	4.38	0.00964476211256	0.103560633184	1.0
GO:0044255	cellular lipid metabolic process	169	16	AAEL001000,AAEL001472,AAEL002834,AAEL003622,AAEL003831,AAEL004277,AAEL006381,AAEL006667,AAEL006987,AAEL007080,AAEL008393,AAEL009111,AAEL009574,AAEL011898,AAEL017302,AAEL024147,	9.5	1.91	2.03	0.0098660029474	0.104628352245	1.0
GO:0009161	ribonucleoside monophosphate metabolic process	18	4	AAEL000629,AAEL009273,AAEL010640,AAEL011006,	22.2	4.48	5.5	0.0105450650102	0.108516306834	1.0
GO:0006644	phospholipid metabolic process	87	10	AAEL001000,AAEL001472,AAEL002834,AAEL004277,AAEL006381,AAEL006667,AAEL006987,AAEL008393,AAEL009111,AAEL011898,	11.5	2.31	2.51	0.0107855523389	0.108516306834	1.0
GO:0019731	antibacterial humoral response	10	3	AAEL029104,AAEL029105,AAEL029106,	30.0	6.04	8.24	0.0112432494857	0.108516306834	1.0
GO:0006595	polyamine metabolic process	10	3	AAEL001176,AAEL007878,AAEL025170,	30.0	6.04	8.24	0.0112432494857	0.108516306834	1.0
GO:0019730	antimicrobial humoral response	10	3	AAEL029104,AAEL029105,AAEL029106,	30.0	6.04	8.24	0.0112432494857	0.108516306834	1.0
GO:0030488	tRNA methylation	10	3	AAEL003654,AAEL008124,AAEL010349,	30.0	6.04	8.24	0.0112432494857	0.108516306834	1.0
GO:0006596	polyamine biosynthetic process	10	3	AAEL001176,AAEL007878,AAEL025170,	30.0	6.04	8.24	0.0112432494857	0.108516306834	1.0
GO:0006959	humoral immune response	10	3	AAEL029104,AAEL029105,AAEL029106,	30.0	6.04	8.24	0.0112432494857	0.108516306834	1.0
GO:0072521	purine-containing compound metabolic process	89	10	AAEL000629,AAEL001176,AAEL004297,AAEL009273,AAEL010640,AAEL011006,AAEL013026,AAEL016984,AAEL018668,AAEL027453,	11.2	2.26	2.45	0.0125580115183	0.119859243269	1.0
GO:0042537	benzene-containing compound metabolic process	4	2	AAEL004509,AAEL008879,	50.0	10.07	19.21	0.0138108232458	0.121056093553	1.0
GO:0046189	phenol-containing compound biosynthetic process	4	2	AAEL006830,AAEL017098,	50.0	10.07	19.21	0.0138108232458	0.121056093553	1.0
GO:0006685	sphingomyelin catabolic process	4	2	AAEL006381,AAEL009111,	50.0	10.07	19.21	0.0138108232458	0.121056093553	1.0
GO:0006684	sphingomyelin metabolic process	4	2	AAEL006381,AAEL009111,	50.0	10.07	19.21	0.0138108232458	0.121056093553	1.0
GO:0046039	GTP metabolic process	4	2	AAEL000629,AAEL027453,	50.0	10.07	19.21	0.0138108232458	0.121056093553	1.0
GO:0042430	indole-containing compound metabolic process	4	2	AAEL004509,AAEL008879,	50.0	10.07	19.21	0.0138108232458	0.121056093553	1.0
GO:0009310	amine catabolic process	4	2	AAEL004509,AAEL008879,	50.0	10.07	19.21	0.0138108232458	0.121056093553	1.0
GO:0042402	cellular biogenic amine catabolic process	4	2	AAEL004509,AAEL008879,	50.0	10.07	19.21	0.0138108232458	0.121056093553	1.0
GO:0042398	cellular modified amino acid biosynthetic process	11	3	AAEL000759,AAEL008393,AAEL009154,	27.3	5.49	7.21	0.0148970065345	0.129257864779	1.0
GO:0006810	transport	968	63	AAEL001198,AAEL002324,AAEL002555,AAEL002913,AAEL003136,AAEL003524,AAEL003550,AAEL003809,AAEL003810,AAEL003919,AAEL004124,AAEL004335,AAEL004451,AAEL004513,AAEL004523,AAEL004589,AAEL005026,AAEL005045,AAEL005353,AAEL005496,AAEL005635,AAEL006800,AAEL006855,AAEL008028,AAEL008587,AAEL009531,AAEL009556,AAEL010348,AAEL010379,AAEL010479,AAEL011423,AAEL012037,AAEL012041,AAEL012443,AAEL012458,AAEL012616,AAEL013184,AAEL014428,AAEL014972,AAEL017209,AAEL017458,AAEL018103,AAEL018150,AAEL018228,AAEL018334,AAEL018354,AAEL018668,AAEL019521,AAEL019565,AAEL019954,AAEL019955,AAEL020162,AAEL020524,AAEL021738,AAEL023342,AAEL024179,AAEL024675,AAEL025460,AAEL025973,AAEL026825,AAEL027393,AAEL027539,AAEL027912,	6.5	1.31	1.38	0.0150556445336	0.129327986544	1.0
GO:0009132	nucleoside diphosphate metabolic process	20	4	AAEL000629,AAEL011006,AAEL016984,AAEL027453,	20.0	4.03	4.81	0.0154370576822	0.130004240676	1.0
GO:0009167	purine ribonucleoside monophosphate metabolic process	20	4	AAEL000629,AAEL009273,AAEL010640,AAEL011006,	20.0	4.03	4.81	0.0154370576822	0.130004240676	1.0
GO:0072522	purine-containing compound biosynthetic process	66	8	AAEL000629,AAEL001176,AAEL004297,AAEL009273,AAEL010640,AAEL013026,AAEL018668,AAEL027453,	12.1	2.44	2.66	0.0159810830351	0.131109917253	1.0
GO:0019439	aromatic compound catabolic process	66	8	AAEL000659,AAEL000922,AAEL004509,AAEL008733,AAEL008879,AAEL011313,AAEL011346,AAEL012154,	12.1	2.44	2.66	0.0159810830351	0.131109917253	1.0
GO:0006163	purine nucleotide metabolic process	79	9	AAEL000629,AAEL004297,AAEL009273,AAEL010640,AAEL011006,AAEL013026,AAEL016984,AAEL018668,AAEL027453,	11.4	2.29	2.49	0.0160262413406	0.131109917253	1.0
GO:0051234	establishment of localization	977	63	AAEL001198,AAEL002324,AAEL002555,AAEL002913,AAEL003136,AAEL003524,AAEL003550,AAEL003809,AAEL003810,AAEL003919,AAEL004124,AAEL004335,AAEL004451,AAEL004513,AAEL004523,AAEL004589,AAEL005026,AAEL005045,AAEL005353,AAEL005496,AAEL005635,AAEL006800,AAEL006855,AAEL008028,AAEL008587,AAEL009531,AAEL009556,AAEL010348,AAEL010379,AAEL010479,AAEL011423,AAEL012037,AAEL012041,AAEL012443,AAEL012458,AAEL012616,AAEL013184,AAEL014428,AAEL014972,AAEL017209,AAEL017458,AAEL018103,AAEL018150,AAEL018228,AAEL018334,AAEL018354,AAEL018668,AAEL019521,AAEL019565,AAEL019954,AAEL019955,AAEL020162,AAEL020524,AAEL021738,AAEL023342,AAEL024179,AAEL024675,AAEL025460,AAEL025973,AAEL026825,AAEL027393,AAEL027539,AAEL027912,	6.4	1.3	1.36	0.0180277208435	0.145108980772	1.0
GO:0098661	inorganic anion transmembrane transport	21	4	AAEL012037,AAEL012041,AAEL019955,AAEL020162,	19.0	3.84	4.53	0.0183381858044	0.145108980772	1.0
GO:0009755	hormone-mediated signaling pathway	21	4	AAEL000395,AAEL012920,AAEL019431,AAEL019863,	19.0	3.84	4.53	0.0183381858044	0.145108980772	1.0
GO:0051179	localization	996	64	AAEL001198,AAEL002324,AAEL002555,AAEL002913,AAEL003136,AAEL003524,AAEL003550,AAEL003809,AAEL003810,AAEL003919,AAEL004124,AAEL004335,AAEL004451,AAEL004513,AAEL004523,AAEL004589,AAEL005026,AAEL005045,AAEL005353,AAEL005496,AAEL005635,AAEL006800,AAEL006855,AAEL008028,AAEL008587,AAEL009531,AAEL009556,AAEL010348,AAEL010379,AAEL010479,AAEL011423,AAEL012037,AAEL012041,AAEL012443,AAEL012458,AAEL012616,AAEL013184,AAEL014428,AAEL014972,AAEL017209,AAEL017458,AAEL018103,AAEL018150,AAEL018228,AAEL018334,AAEL018354,AAEL018668,AAEL019521,AAEL019565,AAEL019954,AAEL019955,AAEL020162,AAEL020524,AAEL021738,AAEL023342,AAEL024179,AAEL024675,AAEL025460,AAEL025973,AAEL026825,AAEL027393,AAEL027504,AAEL027539,AAEL027912,	6.4	1.29	1.36	0.0184131302726	0.145108980772	1.0
GO:0009150	purine ribonucleotide metabolic process	81	9	AAEL000629,AAEL004297,AAEL009273,AAEL010640,AAEL011006,AAEL013026,AAEL016984,AAEL018668,AAEL027453,	11.1	2.24	2.42	0.0186300067227	0.145483416135	1.0
GO:0006520	cellular amino acid metabolic process	123	12	AAEL000164,AAEL002748,AAEL003345,AAEL004509,AAEL005819,AAEL008467,AAEL008879,AAEL009475,AAEL014886,AAEL015631,AAEL017098,AAEL025993,	9.8	1.96	2.09	0.0190431314733	0.145512792528	1.0
GO:0042273	ribosomal large subunit biogenesis	12	3	AAEL001169,AAEL004455,AAEL006887,	25.0	5.03	6.41	0.0191419622302	0.145512792528	1.0
GO:0009072	aromatic amino acid family metabolic process	12	3	AAEL004509,AAEL008879,AAEL017098,	25.0	5.03	6.41	0.0191419622302	0.145512792528	1.0
GO:0019693	ribose phosphate metabolic process	82	9	AAEL000629,AAEL004297,AAEL009273,AAEL010640,AAEL011006,AAEL013026,AAEL016984,AAEL018668,AAEL027453,	11.0	2.21	2.38	0.0200411888448	0.149230048645	1.0
GO:0009259	ribonucleotide metabolic process	82	9	AAEL000629,AAEL004297,AAEL009273,AAEL010640,AAEL011006,AAEL013026,AAEL016984,AAEL018668,AAEL027453,	11.0	2.21	2.38	0.0200411888448	0.149230048645	1.0
GO:1901605	alpha-amino acid metabolic process	56	7	AAEL000164,AAEL003345,AAEL004509,AAEL008467,AAEL008879,AAEL009475,AAEL015631,	12.5	2.52	2.76	0.0201521369533	0.149230048645	1.0
GO:0000027	ribosomal large subunit assembly	5	2	AAEL004455,AAEL006887,	40.0	8.06	12.8	0.0222651204839	0.15806395451	1.0
GO:0018958	phenol-containing compound metabolic process	5	2	AAEL006830,AAEL017098,	40.0	8.06	12.8	0.0222651204839	0.15806395451	1.0
GO:0072350	tricarboxylic acid metabolic process	5	2	AAEL004297,AAEL028182,	40.0	8.06	12.8	0.0222651204839	0.15806395451	1.0
GO:0009435	NAD biosynthetic process	5	2	AAEL008879,AAEL014215,	40.0	8.06	12.8	0.0222651204839	0.15806395451	1.0
GO:0000470	maturation of LSU-rRNA	5	2	AAEL001169,AAEL004455,	40.0	8.06	12.8	0.0222651204839	0.15806395451	1.0
GO:1901360	organic cyclic compound metabolic process	899	58	AAEL000076,AAEL000422,AAEL000629,AAEL000659,AAEL000674,AAEL000677,AAEL000922,AAEL001080,AAEL001169,AAEL001176,AAEL001506,AAEL002322,AAEL002748,AAEL003654,AAEL003664,AAEL004297,AAEL004455,AAEL004509,AAEL004526,AAEL005617,AAEL005706,AAEL006637,AAEL006830,AAEL007726,AAEL007787,AAEL008124,AAEL008733,AAEL008879,AAEL009023,AAEL009273,AAEL009302,AAEL009308,AAEL009475,AAEL009497,AAEL009851,AAEL010248,AAEL010321,AAEL010349,AAEL010640,AAEL010827,AAEL010932,AAEL010949,AAEL010970,AAEL011006,AAEL011282,AAEL011346,AAEL011538,AAEL012154,AAEL013026,AAEL014215,AAEL014961,AAEL015199,AAEL016984,AAEL017098,AAEL017113,AAEL018668,AAEL022615,AAEL027453,	6.5	1.3	1.36	0.0226019471481	0.159139939346	1.0
GO:0009451	RNA modification	71	8	AAEL000076,AAEL000674,AAEL003654,AAEL008124,AAEL009023,AAEL010349,AAEL010949,AAEL017113,	11.3	2.27	2.45	0.023904315149	0.165748169547	1.0
GO:0006725	cellular aromatic compound metabolic process	884	57	AAEL000076,AAEL000422,AAEL000629,AAEL000659,AAEL000674,AAEL000677,AAEL000922,AAEL001080,AAEL001169,AAEL001176,AAEL001506,AAEL002322,AAEL002748,AAEL003654,AAEL003664,AAEL004297,AAEL004455,AAEL004509,AAEL004526,AAEL005617,AAEL006637,AAEL006830,AAEL007726,AAEL007787,AAEL008124,AAEL008733,AAEL008879,AAEL009023,AAEL009273,AAEL009302,AAEL009308,AAEL009475,AAEL009497,AAEL009851,AAEL010248,AAEL010321,AAEL010349,AAEL010640,AAEL010827,AAEL010932,AAEL010949,AAEL010970,AAEL011006,AAEL011282,AAEL011313,AAEL011346,AAEL011538,AAEL012154,AAEL013026,AAEL014215,AAEL014961,AAEL015199,AAEL016984,AAEL017098,AAEL017113,AAEL018668,AAEL027453,	6.4	1.3	1.36	0.0239263946727	0.165748169547	1.0
GO:0009123	nucleoside monophosphate metabolic process	23	4	AAEL000629,AAEL009273,AAEL010640,AAEL011006,	17.4	3.5	4.05	0.0250971958845	0.17060791205	1.0
GO:0008654	phospholipid biosynthetic process	59	7	AAEL001000,AAEL001472,AAEL002834,AAEL004277,AAEL006667,AAEL008393,AAEL011898,	11.9	2.39	2.6	0.0261268743481	0.17060791205	1.0
GO:0009165	nucleotide biosynthetic process	87	9	AAEL000629,AAEL004297,AAEL008879,AAEL009273,AAEL010640,AAEL013026,AAEL014215,AAEL018668,AAEL027453,	10.3	2.08	2.23	0.028270692317	0.17060791205	1.0
GO:1901293	nucleoside phosphate biosynthetic process	87	9	AAEL000629,AAEL004297,AAEL008879,AAEL009273,AAEL010640,AAEL013026,AAEL014215,AAEL018668,AAEL027453,	10.3	2.08	2.23	0.028270692317	0.17060791205	1.0
GO:0009725	response to hormone	24	4	AAEL000395,AAEL012920,AAEL019431,AAEL019863,	16.7	3.36	3.85	0.0289687652301	0.17060791205	1.0
GO:0032870	cellular response to hormone stimulus	24	4	AAEL000395,AAEL012920,AAEL019431,AAEL019863,	16.7	3.36	3.85	0.0289687652301	0.17060791205	1.0
GO:0006955	immune response	24	4	AAEL003841,AAEL029104,AAEL029105,AAEL029106,	16.7	3.36	3.85	0.0289687652301	0.17060791205	1.0
GO:0046700	heterocycle catabolic process	61	7	AAEL000659,AAEL000922,AAEL004509,AAEL008733,AAEL008879,AAEL011346,AAEL012154,	11.5	2.31	2.5	0.03072072208	0.17060791205	1.0
GO:0009152	purine ribonucleotide biosynthetic process	61	7	AAEL000629,AAEL004297,AAEL009273,AAEL010640,AAEL013026,AAEL018668,AAEL027453,	11.5	2.31	2.5	0.03072072208	0.17060791205	1.0
GO:0044270	cellular nitrogen compound catabolic process	61	7	AAEL000659,AAEL000922,AAEL004509,AAEL008733,AAEL008879,AAEL011346,AAEL012154,	11.5	2.31	2.5	0.03072072208	0.17060791205	1.0
GO:0044238	primary metabolic process	2834	160	AAEL000006,AAEL000025,AAEL000076,AAEL000080,AAEL000164,AAEL000422,AAEL000440,AAEL000558,AAEL000629,AAEL000659,AAEL000674,AAEL000677,AAEL000922,AAEL001000,AAEL001080,AAEL001130,AAEL001169,AAEL001176,AAEL001241,AAEL001334,AAEL001472,AAEL001506,AAEL001703,AAEL001863,AAEL002322,AAEL002324,AAEL002569,AAEL002585,AAEL002624,AAEL002696,AAEL002748,AAEL002808,AAEL002834,AAEL003345,AAEL003622,AAEL003654,AAEL003664,AAEL003831,AAEL003963,AAEL004277,AAEL004297,AAEL004455,AAEL004502,AAEL004505,AAEL004509,AAEL004526,AAEL004879,AAEL004897,AAEL005616,AAEL005617,AAEL005706,AAEL005819,AAEL005885,AAEL005931,AAEL005955,AAEL005956,AAEL006027,AAEL006140,AAEL006381,AAEL006382,AAEL006637,AAEL006667,AAEL006961,AAEL006987,AAEL007018,AAEL007068,AAEL007080,AAEL007726,AAEL007926,AAEL008124,AAEL008393,AAEL008467,AAEL008496,AAEL008609,AAEL008733,AAEL008767,AAEL008782,AAEL008879,AAEL009023,AAEL009111,AAEL009273,AAEL009302,AAEL009308,AAEL009382,AAEL009475,AAEL009497,AAEL009574,AAEL009689,AAEL009691,AAEL009851,AAEL010037,AAEL010248,AAEL010321,AAEL010349,AAEL010640,AAEL010678,AAEL010827,AAEL010829,AAEL010932,AAEL010949,AAEL010970,AAEL011006,AAEL011230,AAEL011282,AAEL011346,AAEL011527,AAEL011538,AAEL011540,AAEL011553,AAEL011898,AAEL011917,AAEL012014,AAEL012154,AAEL012278,AAEL012297,AAEL012548,AAEL012711,AAEL012852,AAEL012873,AAEL013026,AAEL013075,AAEL013170,AAEL013367,AAEL013385,AAEL014215,AAEL014302,AAEL014515,AAEL014541,AAEL014886,AAEL014938,AAEL014961,AAEL015051,AAEL015199,AAEL015631,AAEL016984,AAEL017098,AAEL017113,AAEL017128,AAEL017226,AAEL017302,AAEL017475,AAEL017512,AAEL018159,AAEL018668,AAEL019434,AAEL019565,AAEL019989,AAEL020195,AAEL021270,AAEL021375,AAEL022615,AAEL022733,AAEL023005,AAEL024147,AAEL025114,AAEL025750,AAEL025993,AAEL026177,AAEL027453,AAEL027504,	5.6	1.14	1.2	0.031091216462	0.17060791205	1.0
GO:0009395	phospholipid catabolic process	6	2	AAEL006381,AAEL009111,	33.3	6.71	9.6	0.0323099338392	0.17060791205	1.0
GO:1902652	secondary alcohol metabolic process	6	2	AAEL005706,AAEL028182,	33.3	6.71	9.6	0.0323099338392	0.17060791205	1.0
GO:0044085	cellular component biogenesis	324	24	AAEL000076,AAEL000422,AAEL001080,AAEL001169,AAEL001506,AAEL002322,AAEL003352,AAEL004455,AAEL004526,AAEL005163,AAEL006637,AAEL006887,AAEL009308,AAEL010248,AAEL010376,AAEL010949,AAEL010970,AAEL011123,AAEL011282,AAEL012185,AAEL012419,AAEL012843,AAEL017113,AAEL025973,	7.4	1.49	1.56	0.0326207813522	0.17060791205	1.0
GO:0046434	organophosphate catabolic process	25	4	AAEL006381,AAEL009111,AAEL011346,AAEL012154,	16.0	3.22	3.67	0.0331748406441	0.17060791205	1.0
GO:0006164	purine nucleotide biosynthetic process	62	7	AAEL000629,AAEL004297,AAEL009273,AAEL010640,AAEL013026,AAEL018668,AAEL027453,	11.3	2.27	2.45	0.0332090080917	0.17060791205	1.0
GO:0009135	purine nucleoside diphosphate metabolic process	15	3	AAEL000629,AAEL011006,AAEL016984,	20.0	4.03	4.81	0.0354560593555	0.17060791205	1.0
GO:0140694	non-membrane-bounded organelle assembly	15	3	AAEL004455,AAEL005163,AAEL006887,	20.0	4.03	4.81	0.0354560593555	0.17060791205	1.0
GO:0009185	ribonucleoside diphosphate metabolic process	15	3	AAEL000629,AAEL011006,AAEL016984,	20.0	4.03	4.81	0.0354560593555	0.17060791205	1.0
GO:0009179	purine ribonucleoside diphosphate metabolic process	15	3	AAEL000629,AAEL011006,AAEL016984,	20.0	4.03	4.81	0.0354560593555	0.17060791205	1.0
GO:0045087	innate immune response	15	3	AAEL003841,AAEL029104,AAEL029106,	20.0	4.03	4.81	0.0354560593555	0.17060791205	1.0
GO:0008652	cellular amino acid biosynthetic process	26	4	AAEL003345,AAEL008467,AAEL015631,AAEL025993,	15.4	3.1	3.5	0.0377183393711	0.17060791205	1.0
GO:0002376	immune system process	26	4	AAEL003841,AAEL029104,AAEL029105,AAEL029106,	15.4	3.1	3.5	0.0377183393711	0.17060791205	1.0
GO:0046390	ribose phosphate biosynthetic process	65	7	AAEL000629,AAEL004297,AAEL009273,AAEL010640,AAEL013026,AAEL018668,AAEL027453,	10.8	2.17	2.33	0.0414671548484	0.17060791205	1.0
GO:0009260	ribonucleotide biosynthetic process	65	7	AAEL000629,AAEL004297,AAEL009273,AAEL010640,AAEL013026,AAEL018668,AAEL027453,	10.8	2.17	2.33	0.0414671548484	0.17060791205	1.0
GO:0046148	pigment biosynthetic process	16	3	AAEL006830,AAEL007787,AAEL010640,	18.8	3.78	4.44	0.0420723210383	0.17060791205	1.0
GO:1901615	organic hydroxy compound metabolic process	39	5	AAEL002834,AAEL005706,AAEL006830,AAEL017098,AAEL028182,	12.8	2.58	2.83	0.042381113094	0.17060791205	1.0
GO:0043462	regulation of ATP-dependent activity	7	2	AAEL003417,AAEL005877,	28.6	5.75	7.68	0.0437670528421	0.17060791205	1.0
GO:0019359	nicotinamide nucleotide biosynthetic process	7	2	AAEL008879,AAEL014215,	28.6	5.75	7.68	0.0437670528421	0.17060791205	1.0
GO:0030149	sphingolipid catabolic process	7	2	AAEL006381,AAEL009111,	28.6	5.75	7.68	0.0437670528421	0.17060791205	1.0
GO:0046466	membrane lipid catabolic process	7	2	AAEL006381,AAEL009111,	28.6	5.75	7.68	0.0437670528421	0.17060791205	1.0
GO:0097428	protein maturation by iron-sulfur cluster transfer	7	2	AAEL000440,AAEL023005,	28.6	5.75	7.68	0.0437670528421	0.17060791205	1.0
GO:0019363	pyridine nucleotide biosynthetic process	7	2	AAEL008879,AAEL014215,	28.6	5.75	7.68	0.0437670528421	0.17060791205	1.0
GO:0031167	rRNA methylation	7	2	AAEL000076,AAEL010949,	28.6	5.75	7.68	0.0437670528421	0.17060791205	1.0
GO:0009074	aromatic amino acid family catabolic process	7	2	AAEL004509,AAEL008879,	28.6	5.75	7.68	0.0437670528421	0.17060791205	1.0
GO:1901361	organic cyclic compound catabolic process	66	7	AAEL000659,AAEL000922,AAEL004509,AAEL008733,AAEL008879,AAEL011346,AAEL012154,	10.6	2.14	2.29	0.0444909260799	0.17060791205	1.0
GO:0046483	heterocycle metabolic process	882	55	AAEL000076,AAEL000422,AAEL000629,AAEL000659,AAEL000674,AAEL000677,AAEL000922,AAEL001080,AAEL001169,AAEL001176,AAEL001506,AAEL002322,AAEL002748,AAEL003654,AAEL003664,AAEL004297,AAEL004455,AAEL004509,AAEL004526,AAEL005617,AAEL006637,AAEL007726,AAEL007787,AAEL008124,AAEL008733,AAEL008879,AAEL009023,AAEL009273,AAEL009302,AAEL009308,AAEL009475,AAEL009497,AAEL009851,AAEL010248,AAEL010321,AAEL010349,AAEL010640,AAEL010827,AAEL010932,AAEL010949,AAEL010970,AAEL011006,AAEL011282,AAEL011346,AAEL011538,AAEL012154,AAEL013026,AAEL014215,AAEL014961,AAEL015199,AAEL016984,AAEL017113,AAEL018668,AAEL022615,AAEL027453,	6.2	1.26	1.3	0.045150978938	0.17060791205	1.0
GO:0006820	anion transport	40	5	AAEL012037,AAEL012041,AAEL019954,AAEL019955,AAEL020162,	12.5	2.52	2.75	0.0465390432926	0.17060791205	1.0
GO:0098656	anion transmembrane transport	28	4	AAEL012037,AAEL012041,AAEL019955,AAEL020162,	14.3	2.88	3.21	0.0478219493687	0.17060791205	1.0
GO:0009058	biosynthetic process	941	58	AAEL000006,AAEL000025,AAEL000080,AAEL000629,AAEL000677,AAEL000759,AAEL001000,AAEL001176,AAEL001194,AAEL001472,AAEL001781,AAEL002748,AAEL002808,AAEL002834,AAEL003345,AAEL003622,AAEL003831,AAEL004277,AAEL004297,AAEL004879,AAEL006667,AAEL006788,AAEL006830,AAEL007726,AAEL007787,AAEL007878,AAEL008330,AAEL008393,AAEL008467,AAEL008879,AAEL009154,AAEL009273,AAEL009475,AAEL009497,AAEL009510,AAEL009574,AAEL009691,AAEL009851,AAEL010321,AAEL010640,AAEL011527,AAEL011564,AAEL011898,AAEL012297,AAEL013026,AAEL014215,AAEL015631,AAEL017098,AAEL017302,AAEL018668,AAEL021270,AAEL022615,AAEL024147,AAEL025170,AAEL025750,AAEL025993,AAEL027453,AAEL027504,	6.2	1.24	1.29	0.0486324521564	0.17060791205	1.0
GO:0033993	response to lipid	17	3	AAEL000395,AAEL019431,AAEL019863,	17.6	3.55	4.12	0.0492598192583	0.17060791205	1.0
GO:0048545	response to steroid hormone	17	3	AAEL000395,AAEL019431,AAEL019863,	17.6	3.55	4.12	0.0492598192583	0.17060791205	1.0
GO:0042440	pigment metabolic process	17	3	AAEL006830,AAEL007787,AAEL010640,	17.6	3.55	4.12	0.0492598192583	0.17060791205	1.0
GO:0009168	purine ribonucleoside monophosphate biosynthetic process	17	3	AAEL009273,AAEL010640,AAEL018668,	17.6	3.55	4.12	0.0492598192583	0.17060791205	1.0
GO:0071396	cellular response to lipid	17	3	AAEL000395,AAEL019431,AAEL019863,	17.6	3.55	4.12	0.0492598192583	0.17060791205	1.0
GO:0014070	response to organic cyclic compound	17	3	AAEL000395,AAEL019431,AAEL019863,	17.6	3.55	4.12	0.0492598192583	0.17060791205	1.0
GO:0071383	cellular response to steroid hormone stimulus	17	3	AAEL000395,AAEL019431,AAEL019863,	17.6	3.55	4.12	0.0492598192583	0.17060791205	1.0
GO:0043401	steroid hormone mediated signaling pathway	17	3	AAEL000395,AAEL019431,AAEL019863,	17.6	3.55	4.12	0.0492598192583	0.17060791205	1.0
GO:0071407	cellular response to organic cyclic compound	17	3	AAEL000395,AAEL019431,AAEL019863,	17.6	3.55	4.12	0.0492598192583	0.17060791205	1.0
GO:0036314	response to sterol	1	1	AAEL019431,	100.0	20.14	inf	0.0496530593859	0.17060791205	1.0
GO:0006718	juvenile hormone biosynthetic process	1	1	AAEL017302,	100.0	20.14	inf	0.0496530593859	0.17060791205	1.0
GO:0015801	aromatic amino acid transport	1	1	AAEL003524,	100.0	20.14	inf	0.0496530593859	0.17060791205	1.0
GO:0097576	vacuole fusion	1	1	AAEL019565,	100.0	20.14	inf	0.0496530593859	0.17060791205	1.0
GO:0070476	rRNA (guanine-N7)-methylation	1	1	AAEL010949,	100.0	20.14	inf	0.0496530593859	0.17060791205	1.0
GO:1901654	response to ketone	1	1	AAEL019431,	100.0	20.14	inf	0.0496530593859	0.17060791205	1.0
GO:0046499	S-adenosylmethioninamine metabolic process	1	1	AAEL001176,	100.0	20.14	inf	0.0496530593859	0.17060791205	1.0
GO:0051646	mitochondrion localization	1	1	AAEL027504,	100.0	20.14	inf	0.0496530593859	0.17060791205	1.0
GO:0048665	neuron fate specification	1	1	AAEL012474,	100.0	20.14	inf	0.0496530593859	0.17060791205	1.0
GO:0034627	'de novo' NAD biosynthetic process	1	1	AAEL008879,	100.0	20.14	inf	0.0496530593859	0.17060791205	1.0
GO:0006557	S-adenosylmethioninamine biosynthetic process	1	1	AAEL001176,	100.0	20.14	inf	0.0496530593859	0.17060791205	1.0
GO:0015772	oligosaccharide transport	1	1	AAEL014972,	100.0	20.14	inf	0.0496530593859	0.17060791205	1.0
GO:0042423	catecholamine biosynthetic process	1	1	AAEL017098,	100.0	20.14	inf	0.0496530593859	0.17060791205	1.0
GO:0035542	regulation of SNARE complex assembly	1	1	AAEL019565,	100.0	20.14	inf	0.0496530593859	0.17060791205	1.0
GO:0015910	long-chain fatty acid import into peroxisome	1	1	AAEL002913,	100.0	20.14	inf	0.0496530593859	0.17060791205	1.0
GO:0043328	protein transport to vacuole involved in ubiquitin-dependent protein catabolic process via the multivesicular body sorting pathway	1	1	AAEL002324,	100.0	20.14	inf	0.0496530593859	0.17060791205	1.0
GO:0006716	juvenile hormone metabolic process	1	1	AAEL017302,	100.0	20.14	inf	0.0496530593859	0.17060791205	1.0
GO:0042026	protein refolding	1	1	AAEL011584,	100.0	20.14	inf	0.0496530593859	0.17060791205	1.0
GO:0006591	ornithine metabolic process	1	1	AAEL003345,	100.0	20.14	inf	0.0496530593859	0.17060791205	1.0
GO:0009448	gamma-aminobutyric acid metabolic process	1	1	AAEL014886,	100.0	20.14	inf	0.0496530593859	0.17060791205	1.0
GO:0018160	peptidyl-pyrromethane cofactor linkage	1	1	AAEL010321,	100.0	20.14	inf	0.0496530593859	0.17060791205	1.0
GO:0019482	beta-alanine metabolic process	1	1	AAEL025993,	100.0	20.14	inf	0.0496530593859	0.17060791205	1.0
GO:1902001	fatty acid transmembrane transport	1	1	AAEL002913,	100.0	20.14	inf	0.0496530593859	0.17060791205	1.0
GO:0021510	spinal cord development	1	1	AAEL012474,	100.0	20.14	inf	0.0496530593859	0.17060791205	1.0
GO:0048489	synaptic vesicle transport	1	1	AAEL027393,	100.0	20.14	inf	0.0496530593859	0.17060791205	1.0
GO:0034354	'de novo' NAD biosynthetic process from tryptophan	1	1	AAEL008879,	100.0	20.14	inf	0.0496530593859	0.17060791205	1.0
GO:0048311	mitochondrion distribution	1	1	AAEL027504,	100.0	20.14	inf	0.0496530593859	0.17060791205	1.0
GO:0036315	cellular response to sterol	1	1	AAEL019431,	100.0	20.14	inf	0.0496530593859	0.17060791205	1.0
GO:0021517	ventral spinal cord development	1	1	AAEL012474,	100.0	20.14	inf	0.0496530593859	0.17060791205	1.0
GO:0070544	histone H3-K36 demethylation	1	1	AAEL009382,	100.0	20.14	inf	0.0496530593859	0.17060791205	1.0
GO:1901655	cellular response to ketone	1	1	AAEL019431,	100.0	20.14	inf	0.0496530593859	0.17060791205	1.0
GO:0009914	hormone transport	1	1	AAEL003524,	100.0	20.14	inf	0.0496530593859	0.17060791205	1.0
GO:0016114	terpenoid biosynthetic process	1	1	AAEL017302,	100.0	20.14	inf	0.0496530593859	0.17060791205	1.0
GO:0009713	catechol-containing compound biosynthetic process	1	1	AAEL017098,	100.0	20.14	inf	0.0496530593859	0.17060791205	1.0
GO:0018198	peptidyl-cysteine modification	1	1	AAEL010321,	100.0	20.14	inf	0.0496530593859	0.17060791205	1.0
GO:0019521	D-gluconate metabolic process	1	1	AAEL005931,	100.0	20.14	inf	0.0496530593859	0.17060791205	1.0
GO:1902224	ketone body metabolic process	1	1	AAEL019780,	100.0	20.14	inf	0.0496530593859	0.17060791205	1.0
GO:0019805	quinolinate biosynthetic process	1	1	AAEL008879,	100.0	20.14	inf	0.0496530593859	0.17060791205	1.0
GO:0016106	sesquiterpenoid biosynthetic process	1	1	AAEL017302,	100.0	20.14	inf	0.0496530593859	0.17060791205	1.0
GO:0035076	ecdysone receptor-mediated signaling pathway	1	1	AAEL019431,	100.0	20.14	inf	0.0496530593859	0.17060791205	1.0
GO:0045324	late endosome to vacuole transport	1	1	AAEL002324,	100.0	20.14	inf	0.0496530593859	0.17060791205	1.0
GO:1901569	fatty acid derivative catabolic process	1	1	AAEL019780,	100.0	20.14	inf	0.0496530593859	0.17060791205	1.0
GO:0021520	spinal cord motor neuron cell fate specification	1	1	AAEL012474,	100.0	20.14	inf	0.0496530593859	0.17060791205	1.0
GO:0015771	trehalose transport	1	1	AAEL014972,	100.0	20.14	inf	0.0496530593859	0.17060791205	1.0
GO:0006714	sesquiterpenoid metabolic process	1	1	AAEL017302,	100.0	20.14	inf	0.0496530593859	0.17060791205	1.0
GO:0006422	aspartyl-tRNA aminoacylation	1	1	AAEL002748,	100.0	20.14	inf	0.0496530593859	0.17060791205	1.0
GO:0048663	neuron fate commitment	1	1	AAEL012474,	100.0	20.14	inf	0.0496530593859	0.17060791205	1.0
GO:0042144	vacuole fusion, non-autophagic	1	1	AAEL019565,	100.0	20.14	inf	0.0496530593859	0.17060791205	1.0
GO:0019483	beta-alanine biosynthetic process	1	1	AAEL025993,	100.0	20.14	inf	0.0496530593859	0.17060791205	1.0
GO:0032511	late endosome to vacuole transport via multivesicular body sorting pathway	1	1	AAEL002324,	100.0	20.14	inf	0.0496530593859	0.17060791205	1.0
GO:0021515	cell differentiation in spinal cord	1	1	AAEL012474,	100.0	20.14	inf	0.0496530593859	0.17060791205	1.0
GO:0019520	aldonic acid metabolic process	1	1	AAEL005931,	100.0	20.14	inf	0.0496530593859	0.17060791205	1.0
GO:0042450	arginine biosynthetic process via ornithine	1	1	AAEL003345,	100.0	20.14	inf	0.0496530593859	0.17060791205	1.0
GO:1901568	fatty acid derivative metabolic process	1	1	AAEL019780,	100.0	20.14	inf	0.0496530593859	0.17060791205	1.0
GO:0031122	cytoplasmic microtubule organization	1	1	AAEL012843,	100.0	20.14	inf	0.0496530593859	0.17060791205	1.0
GO:0035075	response to ecdysone	1	1	AAEL019431,	100.0	20.14	inf	0.0496530593859	0.17060791205	1.0
GO:0046952	ketone body catabolic process	1	1	AAEL019780,	100.0	20.14	inf	0.0496530593859	0.17060791205	1.0
GO:0034754	cellular hormone metabolic process	1	1	AAEL017302,	100.0	20.14	inf	0.0496530593859	0.17060791205	1.0
GO:0097306	cellular response to alcohol	1	1	AAEL019431,	100.0	20.14	inf	0.0496530593859	0.17060791205	1.0
GO:0006721	terpenoid metabolic process	1	1	AAEL017302,	100.0	20.14	inf	0.0496530593859	0.17060791205	1.0
GO:0070327	thyroid hormone transport	1	1	AAEL003524,	100.0	20.14	inf	0.0496530593859	0.17060791205	1.0
GO:0021953	central nervous system neuron differentiation	1	1	AAEL012474,	100.0	20.14	inf	0.0496530593859	0.17060791205	1.0
GO:0097305	response to alcohol	1	1	AAEL019431,	100.0	20.14	inf	0.0496530593859	0.17060791205	1.0
GO:0030518	intracellular steroid hormone receptor signaling pathway	1	1	AAEL019431,	100.0	20.14	inf	0.0496530593859	0.17060791205	1.0
GO:0015766	disaccharide transport	1	1	AAEL014972,	100.0	20.14	inf	0.0496530593859	0.17060791205	1.0
GO:0043420	anthranilate metabolic process	1	1	AAEL008879,	100.0	20.14	inf	0.0496530593859	0.17060791205	1.0
GO:0048312	intracellular distribution of mitochondria	1	1	AAEL027504,	100.0	20.14	inf	0.0496530593859	0.17060791205	1.0
GO:0006659	phosphatidylserine biosynthetic process	1	1	AAEL008393,	100.0	20.14	inf	0.0496530593859	0.17060791205	1.0
GO:0071390	cellular response to ecdysone	1	1	AAEL019431,	100.0	20.14	inf	0.0496530593859	0.17060791205	1.0
GO:0046874	quinolinate metabolic process	1	1	AAEL008879,	100.0	20.14	inf	0.0496530593859	0.17060791205	1.0
GO:0021522	spinal cord motor neuron differentiation	1	1	AAEL012474,	100.0	20.14	inf	0.0496530593859	0.17060791205	1.0
GO:0016598	protein arginylation	1	1	AAEL005885,	100.0	20.14	inf	0.0496530593859	0.17060791205	1.0
GO:0070475	rRNA base methylation	1	1	AAEL010949,	100.0	20.14	inf	0.0496530593859	0.17060791205	1.0
GO:0046041	ITP metabolic process	1	1	AAEL000629,	100.0	20.14	inf	0.0496530593859	0.17060791205	1.0
GO:0046710	GDP metabolic process	1	1	AAEL011006,	100.0	20.14	inf	0.0496530593859	0.17060791205	1.0
GO:0046950	cellular ketone body metabolic process	1	1	AAEL019780,	100.0	20.14	inf	0.0496530593859	0.17060791205	1.0
GO:0097479	synaptic vesicle localization	1	1	AAEL027393,	100.0	20.14	inf	0.0496530593859	0.17060791205	1.0
